{"type":"Topology","transform":{"scale":[5.126958273331399e-8,6.144211872394267e-8],"translate":[166.90699303490055,-0.551853122999916]},"objects":{"provinces":{"type":null},"countries":{"type":null}},"arcs":[]}
