{"type":"Topology","transform":{"scale":[7.170389676689365e-8,4.553652287429954e-8],"translate":[7.365750207000133,43.71796907700005]},"objects":{"provinces":{"type":null},"countries":{"type":null}},"arcs":[]}
